County,Total_children_2018,Total_children_2024,Weighted_percentage_2018,Weighted_percentage_2024,GCSE_County
Aberdeen City,4401.0,3637.0,0.16455305612360827,0.12949931262029143,Aberdeen City
Aberdeenshire,4272.0,3625.0,0.10313459737827715,0.08498344827586207,Aberdeenshire
Adur,1356.0,1509.0,0.13026696165191742,0.14985089463220677,Adur
Amber Valley,2863.0,3815.0,0.15452706950750963,0.21033787680209698,Derbyshire
Angus,2814.0,2444.0,0.1612366737739872,0.1574238952536825,Angus
Argyll and Bute,1802.0,1451.0,0.14810377358490565,0.12279531357684355,Argyll and Bute
Arun,3226.0,3719.0,0.13451115933044017,0.1608327507394461,Arun
Ashfield,4417.0,5657.0,0.20080235453928005,0.26602527841612156,Nottinghamshire
Ashford,3592.0,3981.0,0.15834771714922052,0.17272243154986183,Ashford
Babergh,1973.0,2193.0,0.14085707045108972,0.15903511171910625,Babergh
Barking and Dagenham,10791.0,12650.0,0.18835260865536094,0.22638845849802375,Barking and Dagenham
Barnet,7935.0,9097.0,0.11527977315689983,0.13350203363746288,Barnet
Barnsley,9256.0,12000.0,0.2238170916162489,0.2879400833333333,South Yorkshire
Basildon,5829.0,6553.0,0.17776960027448963,0.19405417366091868,Basildon
Basingstoke and Deane,2667.0,3538.0,0.08703487064116985,0.11404578858111927,Basingstoke and Deane
Bassetlaw,3626.0,5055.0,0.19852619966905677,0.2705370919881306,Nottinghamshire
Bath and North East Somerset,2638.0,3157.0,0.09759704321455646,0.11814127336078555,Bath and North East Somerset
Bedford,5330.0,6452.0,0.19438442776735462,0.22338329200247986,Bedfordshire
Bexley,5312.0,5918.0,0.11481513554216868,0.13100811084825956,Bexley
Birmingham,80970.0,95884.0,0.3686027170556997,0.4408773935171666,West Midlands
Blaby,2085.0,2553.0,0.12105899280575538,0.13955307481394438,Leicestershire
Blackburn with Darwen,11238.0,13334.0,0.3642223705285638,0.43252617369131546,Lancashire
Blackpool,5529.0,7717.0,0.23850244167118828,0.33394401969677334,Lancashire
Blaenau Gwent,2785.0,3232.0,0.24723698384201076,0.2826986386138614,Blaenau Gwent
Bolsover,2494.0,3404.0,0.19562469927826784,0.25323413631022323,Derbyshire
Bolton,17285.0,22105.0,0.3549369973965866,0.41096371861569775,Greater Manchester
Boston,2697.0,3677.0,0.22809454949944385,0.29257982050584724,Lincolnshire
"Bournemouth, Christchurch and Poole",7632.0,9176.0,0.12617911425576522,0.15383947253705318,"Bournemouth, Christchurch and Poole"
Bracknell Forest,1822.0,2128.0,0.08679034028540066,0.0989234022556391,Bracknell Forest
Bradford,43268.0,50286.0,0.426429023758898,0.48646619337390123,West Yorkshire
Braintree,3265.0,3892.0,0.12291516079632465,0.14494630010277493,Braintree
Breckland,3514.0,4389.0,0.16063261240751284,0.19946844383686488,Breckland
Brent,9136.0,11044.0,0.13650065674255693,0.1781406193408185,Brent
Brentwood,1202.0,1288.0,0.09333943427620632,0.09897437888198758,Brentwood
Bridgend,4167.0,4915.0,0.17569546436285097,0.21422706002034586,Bridgend
Brighton and Hove,5081.0,4908.0,0.13134028734501085,0.14317359413202937,Brighton and Hove
"Bristol, City of",14027.0,16197.0,0.20764447137663078,0.25887034636043715,"Bristol, City of"
Broadland,2230.0,2620.0,0.11115112107623319,0.13029083969465646,Broadland
Bromley,5183.0,5354.0,0.09117634574570711,0.10383190138214418,Bromley
Bromsgrove,1587.0,1976.0,0.12213043478260872,0.15225404858299593,Worcestershire
Broxbourne,2210.0,2436.0,0.1185398190045249,0.1325008210180624,Broxbourne
Broxtowe,2570.0,3047.0,0.15963774319066149,0.19295831965868068,Nottinghamshire
Buckinghamshire,10450.0,12250.0,0.13547789473684213,0.161569306122449,Buckinghamshire
Burnley,5302.0,6965.0,0.3653057336854017,0.4242950466618808,Lancashire
Bury,7638.0,9957.0,0.23678174914899186,0.30541588831977506,Greater Manchester
Caerphilly,6348.0,6717.0,0.2014910207939509,0.22341119547417,Caerphilly
Calderdale,8786.0,10802.0,0.2938784429774642,0.3553634512127383,West Yorkshire
Cambridge,2268.0,2409.0,0.13439241622574954,0.13589580738895804,Cambridge
Camden,4679.0,5472.0,0.16315793973071172,0.22155281432748533,Camden
Cannock Chase,2977.0,3768.0,0.1845428283506886,0.2271247346072187,Staffordshire
Canterbury,3272.0,3893.0,0.14046974327628362,0.16448445928589778,Canterbury
Cardiff,12252.0,13501.0,0.23148857329415604,0.25857654988519363,Cardiff
Carmarthenshire,6060.0,6785.0,0.19589405940594062,0.2225469417833456,Carmarthenshire
Castle Point,1899.0,2093.0,0.13716745655608215,0.15466602962255135,Castle Point
Central Bedfordshire,5202.0,6576.0,0.10759111880046138,0.12377889294403893,Bedfordshire
Ceredigion,2110.0,2358.0,0.21191090047393368,0.24633078880407128,Ceredigion
Charnwood,3996.0,4785.0,0.1741509009009009,0.1897377220480669,Leicestershire
Chelmsford,3024.0,3388.0,0.09939120370370372,0.10861835891381347,Chelmsford
Cheltenham,2418.0,3013.0,0.15843837882547562,0.21012545635579155,Cheltenham
Cherwell,2952.0,3443.0,0.12546815718157184,0.13696979378449026,Cherwell
Cheshire East,7143.0,9351.0,0.13415763684726306,0.17782611485402633,Cheshire
Cheshire West and Chester,7053.0,9355.0,0.13565475684106054,0.17905975414216996,Cheshire
Chesterfield,3123.0,3863.0,0.1977560038424592,0.24875122961428942,Derbyshire
Chichester,1908.0,2352.0,0.10633280922431866,0.1329077380952381,Chichester
Chorley,2387.0,3028.0,0.1344528697109342,0.1669818361955086,Lancashire
City of Edinburgh,8056.0,7428.0,0.11923783515392253,0.11395247711362412,City of Edinburgh
Clackmannanshire,1640.0,1544.0,0.19049268292682928,0.18896113989637303,Clackmannanshire
Colchester,4090.0,5062.0,0.12957188264058678,0.15541821414460688,Colchester
Conwy,3229.0,3746.0,0.18305574481263545,0.21939855846235987,Conwy
Cornwall,15448.0,18199.0,0.17501385292594515,0.20771190724765098,Cornwall
Cotswold,1284.0,1457.0,0.09759890965732086,0.11433356211393274,Cotswold
County Durham,17136.0,21682.0,0.21099953314659195,0.2685207545429389,County Durham
Coventry,14701.0,17534.0,0.26264465002380794,0.2938696247290977,West Midlands
Crawley,3250.0,4650.0,0.14302707692307692,0.20152559139784948,Crawley
Croydon,9853.0,12330.0,0.12991170201968943,0.17289537712895375,Croydon
Cumberland,7179.0,8542.0,0.16719974926870038,0.21205431983142126,Cumbria
Dacorum,2886.0,3322.0,0.11281704781704781,0.12773239012642987,Dacorum
Darlington,3871.0,4769.0,0.23118212348230427,0.30644160201300064,County Durham
Dartford,2820.0,3530.0,0.14022659574468083,0.1590362606232294,Dartford
Denbighshire,2777.0,3667.0,0.1828091465610371,0.25645432233433324,Denbighshire
Derby,12761.0,15103.0,0.3335291905023117,0.37052367079388204,Derbyshire
Derbyshire Dales,1265.0,1294.0,0.12858260869565216,0.1329258114374034,Derbyshire
Doncaster,13581.0,17559.0,0.26142235476032694,0.3364949598496497,South Yorkshire
Dorset,6958.0,8363.0,0.12738301235987354,0.15543417433935192,Dorset
Dover,3478.0,4026.0,0.1953438757906843,0.22033556880278193,Dover
Dudley,13047.0,16248.0,0.2448379704146547,0.2982194116198917,West Midlands
Dumfries and Galloway,3885.0,3397.0,0.1729263835263835,0.15933676773623787,Dumfries and Galloway
Dundee City,4230.0,3548.0,0.1958931442080378,0.16497012401352873,Dundee City
Ealing,8874.0,10126.0,0.1334949290060852,0.16124718546316413,Ealing
East Ayrshire,3853.0,3240.0,0.1935452893848949,0.170458024691358,East Ayrshire
East Cambridgeshire,1516.0,1754.0,0.09387269129287598,0.11490022805017104,East Cambridgeshire
East Devon,2801.0,3252.0,0.1340760442699036,0.15439206642066422,East Devon
East Dunbartonshire,1481.0,1244.0,0.08790749493585413,0.07239790996784566,East Dunbartonshire
East Hampshire,1700.0,2099.0,0.08940588235294117,0.10831348261076704,East Hampshire
East Hertfordshire,1790.0,2134.0,0.06691675977653631,0.07935192127460168,East Hertfordshire
East Lindsey,4413.0,5424.0,0.23376795830500796,0.28758130530973447,Lincolnshire
East Lothian,2293.0,1834.0,0.1278512865242041,0.0964492911668484,East Lothian
East Renfrewshire,1483.0,1325.0,0.09833917734322319,0.08062264150943396,East Renfrewshire
East Riding of Yorkshire,8015.0,9542.0,0.18426512788521518,0.22423904841752257,East Riding of Yorkshire
East Staffordshire,4310.0,5869.0,0.2515735498839907,0.3220674731640825,Staffordshire
East Suffolk,5863.0,7317.0,0.16824833702882486,0.21897252972529724,East Suffolk
Eastbourne,2647.0,2921.0,0.15821118247072155,0.17767750770284152,Eastbourne
Eastleigh,1989.0,2540.0,0.08923931623931626,0.10733346456692913,Eastleigh
Elmbridge,1391.0,1660.0,0.058888569374550684,0.07334397590361447,Elmbridge
Enfield,9744.0,10509.0,0.14268811576354679,0.1690636597202398,Enfield
Epping Forest,2602.0,2957.0,0.11732321291314372,0.13427832262428138,Epping Forest
Epsom and Ewell,865.0,1021.0,0.06721387283236993,0.07919784524975514,Epsom and Ewell
Erewash,2864.0,3378.0,0.15633379888268154,0.19316992303137948,Derbyshire
Exeter,2472.0,2837.0,0.14002224919093847,0.16094536482199506,Exeter
Falkirk,4154.0,3806.0,0.15861049590755896,0.15040331056227008,Falkirk
Fareham,1487.0,1644.0,0.08641223940820444,0.10393856447688568,Fareham
Fenland,3310.0,4109.0,0.20318036253776436,0.24823874422000486,Fenland
Fife,10935.0,8913.0,0.18752437128486513,0.159187927745989,Fife
Flintshire,3928.0,4572.0,0.16740096741344196,0.1995444006999125,Flintshire
Folkestone and Hythe,2844.0,3467.0,0.17119479606188467,0.20641995961926735,Folkestone and Hythe
Forest of Dean,1976.0,2608.0,0.1475571862348178,0.1939171779141104,Forest of Dean
Fylde,1398.0,1997.0,0.12342846924177396,0.17690886329494243,Lancashire
Gateshead,6191.0,8254.0,0.19576255855273783,0.2708434698328084,Tyne and Wear
Gedling,2822.0,3418.0,0.15287703756201276,0.1900901111761264,Nottinghamshire
Glasgow City,23298.0,21278.0,0.2645864881105674,0.24311664630134416,Glasgow City
Gloucester,4092.0,5066.0,0.1910662267839687,0.23898835373075403,Gloucester
Gosport,2008.0,2351.0,0.14606523904382468,0.18345852828583584,Gosport
Gravesham,3456.0,3899.0,0.17386863425925925,0.1940459092074891,Gravesham
Great Yarmouth,3739.0,4520.0,0.23964322011232952,0.3056471238938054,Great Yarmouth
Greenwich,9060.0,10441.0,0.16162008830022076,0.19709223254477543,Greenwich
Guildford,1743.0,1958.0,0.08437923121055652,0.10341981613891726,Guildford
Gwynedd,3691.0,3899.0,0.20473801137903008,0.22631341369581945,Gwynedd
Hackney,8381.0,10383.0,0.15850029829375972,0.22008070885100645,Hackney
Halton,3877.0,5191.0,0.17608176425070934,0.2466505490271624,Cheshire
Hammersmith and Fulham,2833.0,3334.0,0.1160758912813272,0.14502369526094783,Hammersmith and Fulham
Harborough,1372.0,1774.0,0.0904161807580175,0.11143235625704621,Leicestershire
Haringey,7461.0,8003.0,0.16715065004691063,0.19871760589778834,Haringey
Harlow,2997.0,3843.0,0.16231631631631632,0.20004970075461878,Harlow
Harrow,5569.0,7287.0,0.1169188364158736,0.15384451763414297,Harrow
Hart,1064.0,1154.0,0.06228195488721804,0.06583882149046794,Hart
Hartlepool,3979.0,4728.0,0.25266624780095503,0.3021546108291032,County Durham
Hastings,3337.0,3690.0,0.20925082409349716,0.24801192411924122,Hastings
Havant,3102.0,3829.0,0.16064732430689874,0.2009166884303996,Havant
Havering,5679.0,6755.0,0.12296443035745729,0.14219245003700962,Havering
"Herefordshire, County of",4540.0,5438.0,0.16000286343612335,0.20234130194924607,Herefordshire
Hertsmere,1728.0,2161.0,0.08912037037037036,0.11242480333179085,Hertsmere
High Peak,1913.0,2255.0,0.14529482488238366,0.18080576496674056,Derbyshire
Highland,5031.0,4514.0,0.13644444444444445,0.1287233052724856,Highland
Hillingdon,7468.0,9350.0,0.12903334226031068,0.16453550802139033,Hillingdon
Hinckley and Bosworth,2336.0,2973.0,0.1288099315068493,0.16366431214261687,Leicestershire
Horsham,1710.0,2230.0,0.07336608187134502,0.0911322869955157,Horsham
Hounslow,7098.0,8641.0,0.12873908143138912,0.15837194769123944,Hounslow
Huntingdonshire,3390.0,3934.0,0.12123893805309735,0.13242984239959327,Huntingdonshire
Hyndburn,4832.0,6130.0,0.36688120860927154,0.43125660685154976,Lancashire
Inverclyde,1613.0,1589.0,0.13146435213887167,0.13825424795468852,Inverclyde
Ipswich,6035.0,6990.0,0.2337814415907208,0.28168140200286124,Ipswich
Isle of Anglesey,2252.0,2518.0,0.200892539964476,0.23164892772041304,Isle of Anglesey
Isle of Wight,3634.0,4303.0,0.18164281783159053,0.22004369044852426,Isle of Wight
Islington,4441.0,5634.0,0.13563566764242288,0.18118654597089104,Islington
Kensington and Chelsea,1563.0,1741.0,0.10584964811260397,0.12186272257323379,Kensington and Chelsea
King's Lynn and West Norfolk,4422.0,5056.0,0.18813681592039805,0.21331803797468354,King's Lynn and West Norfolk
"Kingston upon Hull, City of",14791.0,18060.0,0.313588668785072,0.3676475083056479,East Riding of Yorkshire
Kingston upon Thames,2467.0,2557.0,0.08667126064045398,0.09379859210011732,Kingston upon Thames
Kirklees,21842.0,26400.0,0.30004775203735917,0.36759844696969696,West Yorkshire
Knowsley,5480.0,7703.0,0.1973368613138686,0.26305088926392317,Merseyside
Lambeth,7450.0,7693.0,0.14714134228187922,0.17481736643702067,Lambeth
Lancaster,3725.0,4475.0,0.17817476510067115,0.23130189944134077,Lancashire
Leeds,31816.0,39176.0,0.28343261252200147,0.3469152797631203,West Yorkshire
Leicester,23964.0,27378.0,0.33072934401602405,0.3757107531594711,Leicestershire
Lewes,1761.0,1908.0,0.10963202725724021,0.12386687631027253,Lewes
Lewisham,8247.0,8589.0,0.14254371286528433,0.16012865292816397,Lewisham
Lichfield,1902.0,2354.0,0.12784490010515248,0.15793075615972813,Staffordshire
Lincoln,3506.0,4194.0,0.2221158014831717,0.26372055317119697,Lincolnshire
Liverpool,18441.0,24581.0,0.2683812699962041,0.34415430617143317,Merseyside
Luton,13699.0,16216.0,0.28955690196364703,0.33657048593981254,Bedfordshire
Maidstone,3749.0,4829.0,0.1351555081355028,0.15401822323462416,Maidstone
Maldon,1250.0,1398.0,0.127176,0.1349463519313305,Maldon
Malvern Hills,1501.0,1772.0,0.14312524983344438,0.16008690744920995,Worcestershire
Manchester,32948.0,41570.0,0.32301924244263686,0.39936331489054616,Greater Manchester
Mansfield,3941.0,4860.0,0.23146181172291297,0.26972057613168726,Nottinghamshire
Medway,8333.0,9841.0,0.1592494899795992,0.18653754699725633,Medway
Melton,1054.0,1328.0,0.1287941176470588,0.17164231927710843,Leicestershire
Merthyr Tydfil,2437.0,2613.0,0.22466187935986873,0.23998124760811324,Merthyr Tydfil
Merton,4702.0,4795.0,0.14223032752020418,0.15336350364963508,Merton
Mid Devon,2054.0,2233.0,0.15075705939629988,0.15934258844603671,Mid Devon
Mid Suffolk,1965.0,2200.0,0.12507531806615776,0.1374236363636364,Mid Suffolk
Mid Sussex,1719.0,2118.0,0.06609249563699826,0.07750236071765818,Mid Sussex
Middlesbrough,8666.0,11034.0,0.37090664666512807,0.4530429581294182,North Yorkshire
Midlothian,2124.0,1967.0,0.12901930320150662,0.11229740721911541,Midlothian
Milton Keynes,8835.0,10066.0,0.1689129598189021,0.19321011325253326,Milton Keynes
Mole Valley,1007.0,1071.0,0.07638430983118172,0.09063492063492064,Mole Valley
Monmouthshire,1807.0,1928.0,0.1477399003873824,0.15730238589211618,Monmouthshire
Moray,2208.0,2100.0,0.13802038043478262,0.13829809523809525,Moray
Na h-Eileanan Siar,448.0,424.0,0.11001339285714286,0.11262028301886792,Na h-Eileanan Siar
Neath Port Talbot,4244.0,5054.0,0.1810339302544769,0.22326691729323306,Neath Port Talbot
New Forest,2864.0,3292.0,0.10992074022346367,0.1296570473876063,New Forest
Newark and Sherwood,3317.0,4285.0,0.18984232740428097,0.237171528588098,Nottinghamshire
Newcastle upon Tyne,12443.0,14369.0,0.3159193924294784,0.34946238429953375,Tyne and Wear
Newcastle-under-Lyme,3277.0,4063.0,0.1715712541959109,0.2236746246615801,Staffordshire
Newham,15114.0,17350.0,0.20414635437342857,0.24423210374639767,Newham
Newport,6371.0,7688.0,0.255465390048658,0.28536524453694073,Newport
North Ayrshire,4330.0,3502.0,0.19722217090069283,0.1692552826956025,North Ayrshire
North Devon,2694.0,3088.0,0.17511692650334076,0.20258937823834197,North Devon
North East Derbyshire,2331.0,3021.0,0.16600600600600598,0.2017156570671963,Derbyshire
North East Lincolnshire,7050.0,8786.0,0.26407404255319145,0.3536506942863647,Lincolnshire
North Hertfordshire,2334.0,2530.0,0.09975664095972579,0.11511462450592885,North Hertfordshire
North Kesteven,2240.0,2751.0,0.12911116071428572,0.15229552889858233,Lincolnshire
North Lanarkshire,11162.0,9147.0,0.18528856835692525,0.1603678801792938,North Lanarkshire
North Lincolnshire,6027.0,7791.0,0.2240084619213539,0.29086766782184575,Lincolnshire
North Norfolk,2353.0,2874.0,0.1687862303442414,0.21656610995128742,North Norfolk
North Northamptonshire,10215.0,12805.0,0.16103602545276555,0.19969754002342838,Northamptonshire
North Somerset,4153.0,4937.0,0.13329496749337827,0.16111099858213493,North Somerset
North Tyneside,5813.0,6841.0,0.1908085325993463,0.22152492325683382,Tyne and Wear
North Warwickshire,1475.0,1885.0,0.14826576271186442,0.18098620689655176,Warwickshire
North West Leicestershire,2403.0,2803.0,0.1542929671244278,0.17019193721013198,Leicestershire
North Yorkshire,12292.0,13994.0,0.1468500650829808,0.16914799199656994,North Yorkshire
Northumberland,8786.0,10430.0,0.2020697700887776,0.24880038350910827,Northumberland
Norwich,5032.0,6010.0,0.2225298092209857,0.28391663893510816,Norwich
Nottingham,17216.0,20445.0,0.31026150092936805,0.36705306921007574,Nottinghamshire
Nuneaton and Bedworth,4202.0,4890.0,0.18538529271775345,0.21080224948875256,Warwickshire
Oadby and Wigston,1443.0,1686.0,0.15066112266112267,0.1726073546856465,Leicestershire
Oldham,18164.0,21763.0,0.4108855978859282,0.4607905160134173,Greater Manchester
Orkney Islands,416.0,367.0,0.13864663461538462,0.1247057220708447,Orkney Islands
Oxford,2965.0,3558.0,0.13048971332209108,0.17316779089376055,Oxford
Pembrokeshire,4330.0,4732.0,0.2248517321016166,0.24298732037193582,Pembrokeshire
Pendle,6484.0,8396.0,0.3881563849475632,0.47154037636969987,Lancashire
Perth and Kinross,3117.0,2560.0,0.14299422521655442,0.125506640625,Perth and Kinross
Peterborough,11043.0,14114.0,0.30442443176673,0.3416719569222049,Cambridgeshire
Plymouth,7678.0,9065.0,0.18752891377963013,0.2275448428019857,Plymouth
Portsmouth,6428.0,7536.0,0.19321950840074675,0.22884660297239914,Portsmouth
Powys,3825.0,3953.0,0.19542588235294114,0.20418011636731598,Powys
Preston,6296.0,8447.0,0.2830108005082592,0.3424216881733159,Lancashire
Reading,3897.0,4916.0,0.12795047472414678,0.16352034174125307,Reading
Redbridge,9482.0,11106.0,0.14621155874288128,0.18414766792724652,Redbridge
Redcar and Cleveland,4752.0,6087.0,0.2250551346801347,0.281151798915722,North Yorkshire
Redditch,2804.0,3409.0,0.18322610556348076,0.21704957465532412,Worcestershire
Reigate and Banstead,2138.0,2482.0,0.08201262862488308,0.08914987912973407,Reigate and Banstead
Renfrewshire,4085.0,3677.0,0.15010257037943697,0.1381256459069894,Renfrewshire
Rhondda Cynon Taf,8925.0,9986.0,0.22198834733893552,0.2567091928700181,Rhondda Cynon Taf
Ribble Valley,889.0,1181.0,0.1094724409448819,0.13177053344623202,Lancashire
Richmond upon Thames,1835.0,1832.0,0.0604,0.06108133187772926,Richmond upon Thames
Rochdale,12177.0,16258.0,0.3140643015521064,0.3848565014146882,Greater Manchester
Rochford,1394.0,1559.0,0.1041219512195122,0.1107812700449006,Rochford
Rossendale,2781.0,3011.0,0.2275480043149946,0.24695848555297242,Lancashire
Rother,1994.0,2285.0,0.15733751253761283,0.1799072210065645,Rother
Rotherham,11419.0,13386.0,0.2756122252386373,0.30971843717316594,South Yorkshire
Rugby,2241.0,2770.0,0.11843239625167337,0.14213971119133573,Warwickshire
Runnymede,1178.0,1444.0,0.08700933786078098,0.1018157894736842,Runnymede
Rushcliffe,1591.0,1880.0,0.08339912005028285,0.0938436170212766,Nottinghamshire
Rushmoor,1730.0,2147.0,0.09893757225433525,0.11911644154634374,Rushmoor
Rutland,508.0,707.0,0.08670472440944882,0.11943705799151343,Rutland
Salford,10522.0,14248.0,0.22962697205854402,0.29194441325098264,Greater Manchester
Sandwell,21336.0,25704.0,0.29849573490813647,0.34942425303454716,West Midlands
Scottish Borders,2586.0,2275.0,0.1468847641144625,0.13487296703296703,Scottish Borders
Sefton,6866.0,8914.0,0.16652592484707252,0.21610691047789993,Merseyside
Sevenoaks,2252.0,2456.0,0.11613987566607462,0.12280944625407164,Sevenoaks
Sheffield,23692.0,27863.0,0.3114111936518656,0.3572687076050676,South Yorkshire
Shetland Islands,328.0,298.0,0.0813170731707317,0.08042953020134228,Shetland Islands
Shropshire,7142.0,8785.0,0.14956160739288712,0.1931584519066591,Shropshire
Slough,5814.0,7759.0,0.1606795665634675,0.21087756154143575,Slough
Solihull,4723.0,5722.0,0.15003599407156468,0.18697361062565537,West Midlands
Somerset,13161.0,15784.0,0.14572950383709443,0.17445400405473896,Somerset
South Ayrshire,2678.0,2303.0,0.16824794622852873,0.14740425531914894,South Ayrshire
South Cambridgeshire,2537.0,2627.0,0.09218446984627514,0.08592843547773125,South Cambridgeshire
South Derbyshire,2278.0,3106.0,0.13412906057945564,0.16785994848679975,Derbyshire
South Gloucestershire,4787.0,5815.0,0.10011698349697097,0.11776061908856404,South Gloucestershire
South Hams,1660.0,1823.0,0.13529216867469882,0.14229347229840922,South Hams
South Holland,2855.0,3483.0,0.19364903677758316,0.21727390180878556,Lincolnshire
South Kesteven,3392.0,4097.0,0.1600512971698113,0.197286062972907,Lincolnshire
South Lanarkshire,7814.0,6608.0,0.14930496544663424,0.12821080508474575,South Lanarkshire
South Norfolk,2577.0,3079.0,0.11648661233993018,0.13234101981162713,South Norfolk
South Oxfordshire,1796.0,2093.0,0.07438864142538976,0.08640993788819876,South Oxfordshire
South Ribble,2290.0,3011.0,0.12762707423580788,0.17434075058120227,Lancashire
South Staffordshire,2061.0,2821.0,0.1346821931101407,0.1792523927685218,Staffordshire
South Tyneside,5880.0,6872.0,0.2489937074829932,0.2836523573923167,Tyne and Wear
Southampton,7497.0,9471.0,0.18547872482326266,0.2377304402914159,Southampton
Southend-on-Sea,4989.0,5827.0,0.16265383844457806,0.19315136433842456,Essex
Southwark,7810.0,8829.0,0.1547980793854033,0.19569905991618528,Southwark
Spelthorne,1430.0,2041.0,0.08226783216783216,0.11170553650171487,Spelthorne
St Albans,2372.0,2279.0,0.09559232715008431,0.0998047389205792,St Albans
St. Helens,5127.0,6690.0,0.1713385995708992,0.22503736920777279,Merseyside
Stafford,2530.0,3708.0,0.13413873517786562,0.19328910463861917,Staffordshire
Staffordshire Moorlands,2088.0,2415.0,0.14949712643678156,0.18262360248447201,Staffordshire
Stevenage,2585.0,2788.0,0.14779729206963246,0.1580053802008608,Stevenage
Stirling,1800.0,1571.0,0.1429627777777778,0.128008911521324,Stirling
Stockport,7048.0,8811.0,0.15359591373439274,0.19732811258653957,Greater Manchester
Stockton-on-Tees,6964.0,8598.0,0.22133974727168293,0.27748371714352177,North Yorkshire
Stoke-on-Trent,15076.0,19018.0,0.3361501061289467,0.39932521821432326,Staffordshire
Stratford-on-Avon,1957.0,2419.0,0.09927031170158404,0.11618520049607274,Warwickshire
Stroud,2229.0,2656.0,0.11814490803050696,0.13620519578313253,Stroud
Sunderland,9917.0,12149.0,0.22640516285166887,0.27395793892501435,Tyne and Wear
Surrey Heath,1140.0,1356.0,0.08111403508771929,0.10400884955752214,Surrey Heath
Sutton,3491.0,4301.0,0.09067315955313664,0.10919623343408512,Sutton
Swale,4206.0,5012.0,0.15719781264859722,0.18048503591380685,Swale
Swansea,7130.0,7796.0,0.20505904628330995,0.21908594150846586,Swansea
Swindon,5880.0,7205.0,0.1497904761904762,0.18398043025676614,Swindon
Tameside,9216.0,12289.0,0.22880056423611114,0.29333363170314913,Greater Manchester
Tamworth,2068.0,2808.0,0.148926499032882,0.19622008547008546,Staffordshire
Tandridge,1202.0,1462.0,0.08555490848585692,0.10344528043775651,Tandridge
Teignbridge,2817.0,3281.0,0.1376915157969471,0.16115361170374887,Teignbridge
Telford and Wrekin,6148.0,8733.0,0.2003851659076122,0.26802313065384176,Shropshire
Tendring,3778.0,4538.0,0.17470989941768134,0.22019215513442045,Tendring
Test Valley,1777.0,2264.0,0.09147777152504219,0.11316342756183748,Test Valley
Tewkesbury,1787.0,2194.0,0.12374986010072749,0.1341814038286235,Tewkesbury
Thanet,5158.0,5568.0,0.2250443970531214,0.23666630747126433,Thanet
Three Rivers,1402.0,1481.0,0.09238445078459341,0.09515867656988519,Three Rivers
Thurrock,5927.0,7081.0,0.1685027838704235,0.19312286400225956,Essex
Tonbridge and Malling,2235.0,2906.0,0.09939821029082775,0.12562250516173434,Tonbridge and Malling
Torbay,3714.0,4397.0,0.16961443187937533,0.2133145326358881,Torbay
Torfaen,3104.0,3610.0,0.2019152706185567,0.22397783933518003,Torfaen
Torridge,2046.0,2308.0,0.19528494623655915,0.22783492201039865,Torridge
Tower Hamlets,12043.0,14290.0,0.22017993855351653,0.2592524142757173,Tower Hamlets
Trafford,5466.0,6194.0,0.1646827661909989,0.1944121730707136,Greater Manchester
Tunbridge Wells,1846.0,2262.0,0.0908450704225352,0.11009416445623342,Tunbridge Wells
Uttlesford,1375.0,1413.0,0.08357527272727272,0.08502972399150742,Uttlesford
Vale of Glamorgan,3074.0,3888.0,0.15497007156798956,0.19917412551440328,Vale of Glamorgan
Vale of White Horse,1647.0,2310.0,0.0745142683667274,0.09667142857142856,Vale of White Horse
Wakefield,11981.0,15367.0,0.21016158918287287,0.25511322964794686,West Yorkshire
Walsall,15971.0,19783.0,0.3076343998497277,0.3678468887428601,West Midlands
Waltham Forest,10168.0,10334.0,0.17654445318646733,0.18994271337333077,Waltham Forest
Wandsworth,4335.0,6427.0,0.09779838523644753,0.1669606348218453,Wandsworth
Warrington,5118.0,5866.0,0.16456604142243061,0.19951091033071938,Cheshire
Warwick,2128.0,2323.0,0.10058834586466166,0.10271071889797677,Warwickshire
Watford,2236.0,2788.0,0.11570751341681573,0.14047668579626973,Watford
Waverley,1286.0,1534.0,0.061682737169517894,0.07802737940026076,Waverley
Wealden,2789.0,3074.0,0.11688849049838652,0.1308448275862069,Wealden
Welwyn Hatfield,2109.0,2552.0,0.11000663821716453,0.13361559561128528,Welwyn Hatfield
West Berkshire,2331.0,2892.0,0.08422265122265123,0.10465802213001385,West Berkshire
West Devon,1308.0,1458.0,0.1579480122324159,0.17840329218106998,West Devon
West Dunbartonshire,2822.0,2250.0,0.1841661941885188,0.1535648888888889,West Dunbartonshire
West Lancashire,2693.0,3679.0,0.17563015224656517,0.2423677629790704,Lancashire
West Lindsey,2711.0,3205.0,0.21441276281814825,0.24196692667706704,Lincolnshire
West Lothian,4854.0,4454.0,0.14329913473423983,0.14008801077682978,West Lothian
West Northamptonshire,11115.0,13237.0,0.17252829509671616,0.19419762786129785,Northamptonshire
West Oxfordshire,1387.0,1840.0,0.07773395818312905,0.09909891304347825,West Oxfordshire
West Suffolk,3436.0,4175.0,0.11479685681024447,0.14665844311377246,West Suffolk
Westminster,2970.0,3338.0,0.11523030303030304,0.15957699221090474,Westminster
Westmorland and Furness,4762.0,5553.0,0.15206908861822765,0.1877239330091842,Cumbria
Wigan,9802.0,13002.0,0.18248071822077128,0.23663820950622977,Greater Manchester
Wiltshire,8570.0,11232.0,0.10308471411901984,0.13468999287749286,Wiltshire
Winchester,1655.0,1959.0,0.08166646525679759,0.09612863705972435,Winchester
Windsor and Maidenhead,2182.0,2292.0,0.08545462878093492,0.08851439790575916,Windsor and Maidenhead
Wirral,8252.0,11021.0,0.1682982307319438,0.2372423555031304,Merseyside
Woking,1849.0,2118.0,0.11997674418604652,0.126076015108593,Woking
Wokingham,1917.0,2321.0,0.06265049556598852,0.07195303748384317,Wokingham
Wolverhampton,14079.0,18298.0,0.2852035655941473,0.3459767734178598,West Midlands
Worcester,3007.0,3583.0,0.189760226139009,0.23603488696622943,Worcestershire
Worthing,2164.0,2281.0,0.11981515711645101,0.12943533537921964,Worthing
Wrexham,4296.0,4716.0,0.1925817039106145,0.2142847752332485,Wrexham
Wychavon,2483.0,3133.0,0.12991864679822793,0.1559904245132461,Worcestershire
Wyre,2481.0,2951.0,0.16193752519145505,0.19234090138935953,Lancashire
Wyre Forest,2953.0,3439.0,0.18241076870978665,0.21647891829020063,Worcestershire
York,3585.0,4058.0,0.13402789400278942,0.1553644652538196,North Yorkshire
